{
	"info": {
		"_postman_id": "6cca0df4-96bb-48cb-b425-761b139a61b2",
		"name": "Microservice",
		"schema": "https://schema.getpostman.com/json/collection/v2.1.0/collection.json"
	},
	"item": [
		{
			"name": "Microservice",
			"event": [
				{
					"listen": "test",
					"script": {
						"exec": [
							"var data = JSON.parse(responseBody);\r",
							"postman.setGlobalVariable(\"access_token\", data.access_token);\r",
							"postman.setGlobalVariable(\"refresh_token\", data.refresh_token);"
						],
						"type": "text/javascript"
					}
				}
			],
			"request": {
				"auth": {
					"type": "basic",
					"basic": [
						{
							"key": "password",
							"value": "sachin1",
							"type": "string"
						},
						{
							"key": "username",
							"value": "android",
							"type": "string"
						}
					]
				},
				"method": "POST",
				"header": [],
				"body": {
					"mode": "urlencoded",
					"urlencoded": [
						{
							"key": "grant_type",
							"value": "password",
							"type": "text"
						},
						{
							"key": "username",
							"value": "saji",
							"type": "text"
						},
						{
							"key": "password",
							"value": "sajik",
							"type": "text"
						}
					],
					"options": {
						"raw": {
							"language": "json"
						}
					}
				},
				"url": {
					"raw": "http://localhost:9021/oauth/token",
					"protocol": "http",
					"host": [
						"localhost"
					],
					"port": "9021",
					"path": [
						"oauth",
						"token"
					]
				}
			},
			"response": []
		},
		{
			"name": "post : soap client",
			"request": {
				"auth": {
					"type": "noauth"
				},
				"method": "POST",
				"header": [],
				"body": {
					"mode": "raw",
					"raw": "{\r\n    \"name\":\"mars\"\r\n}",
					"options": {
						"raw": {
							"language": "json"
						}
					}
				},
				"url": {
					"raw": "http://localhost:9061/display",
					"protocol": "http",
					"host": [
						"localhost"
					],
					"port": "9061",
					"path": [
						"display"
					]
				}
			},
			"response": []
		},
		{
			"name": "soap server",
			"request": {
				"method": "POST",
				"header": [
					{
						"key": "Content-Type",
						"value": "text/xml",
						"type": "text"
					}
				],
				"body": {
					"mode": "raw",
					"raw": "<soapenv:Envelope xmlns:soapenv=\"http://schemas.xmlsoap.org/soap/envelope/\"\r\n                      xmlns:us=\"http://www.example.com/soap-mvn\">\r\n        <soapenv:Header/>\r\n        <soapenv:Body>\r\n            <us:getUserRequest>\r\n                <us:name>good</us:name>\r\n            </us:getUserRequest>\r\n        </soapenv:Body>\r\n    </soapenv:Envelope>",
					"options": {
						"raw": {
							"language": "xml"
						}
					}
				},
				"url": {
					"raw": "http://localhost:9051/wss",
					"protocol": "http",
					"host": [
						"localhost"
					],
					"port": "9051",
					"path": [
						"wss"
					]
				}
			},
			"response": []
		}
	]
}